reporting_airline,total_flights,delayed_flights,on_time_flights,observed_delay_rate,posterior_alpha,posterior_beta,posterior_probability,credible_lower,credible_upper
G4,38,15,23,0.39473684210526316,25.682258256439106,62.317741743560894,0.29184384382317163,0.20218452682880794,0.3904633713275646
F9,6179,1748,4431,0.282893672115229,1758.6822582564391,4470.317741743561,0.2823378163840808,0.2712269329677853,0.2935810864365881
B6,615,175,440,0.2845528455284553,185.6822582564391,479.3177417435609,0.2792214409871265,0.24579437994712297,0.3139062890832989
OO,25827,6971,18856,0.26991133310101834,6981.682258256439,18895.31774174356,0.26980261460974764,0.2644116633547276,0.2752272686854993
OH,2651,701,1950,0.26442851754055074,711.6822582564391,1989.3177417435609,0.2634884332678412,0.24704597911786264,0.2802626320825403
AS,1061,239,822,0.22525918944392084,249.6822582564391,861.3177417435609,0.22473650608140333,0.20068046439795667,0.2497311644021767
NK,3561,787,2774,0.2210053355798933,797.6822582564391,2813.317741743561,0.22090342239170288,0.20752204700682036,0.23457761626002616
AA,32754,7129,25625,0.21765280576418147,7139.682258256439,25664.31774174356,0.21764669730083036,0.21319770241704925,0.2221283017616711
DL,37181,7783,29398,0.20932734461149513,7793.682258256439,29437.31774174356,0.20933314330145414,0.20521554398379205,0.213480320692906
UA,30989,6005,24984,0.19377843751008422,6015.682258256439,25023.31774174356,0.1938104403574999,0.18943180251169744,0.19822645147918538
MQ,14655,2807,11848,0.19153872398498806,2817.682258256439,11887.317741743562,0.19161389039486154,0.18529282519904158,0.19801440787693103
WN,23355,4179,19176,0.17893384714193963,4189.682258256439,19215.31774174356,0.17900800078002305,0.17412284730438063,0.1839451135222293
YX,6020,961,5059,0.15963455149501662,971.6822582564391,5098.317741743561,0.1600794494656407,0.15096261171034991,0.1694084432254669
