airport,source_month,total_flights,delayed_flights,on_time_flights,month_name,posterior_alpha,posterior_beta,posterior_probability,credible_lower,credible_upper
ATL,1,22580,5247,17333,Jan,5272.961693701926,17407.038306298073,0.23249390183870927,0.22701884941985562,0.23801364006961068
ATL,2,22516,4951,17565,Feb,4976.961693701926,17639.038306298073,0.22006374662636746,0.21468802042215135,0.2254863673466342
ATL,3,26199,5791,20408,Mar,5816.961693701926,20482.038306298073,0.22118566081227142,0.21618971992020952,0.22622176735428778
ATL,4,25223,5770,19453,Apr,5795.961693701926,19527.038306298073,0.22888132107972697,0.22372742133146442,0.23407578319962385
ATL,5,27098,7898,19200,May,7923.961693701926,19274.038306298073,0.29134354341135105,0.2859581519764444,0.296758000154307
ATL,6,26919,9596,17323,Jun,9621.961693701927,17397.038306298073,0.3561183498168669,0.3504188893954011,0.3618379853881245
ATL,7,27969,8720,19249,Jul,8745.961693701927,19323.038306298073,0.311587933082829,0.30618266996718224,0.3170186271170914
ATL,8,27042,5853,21189,Aug,5878.961693701926,21263.038306298073,0.2166001655626677,0.21171951372378325,0.22152037560956006
ATL,9,25765,3471,22294,Sep,3496.961693701927,22368.038306298073,0.1352005294298058,0.13106027884971538,0.13939421396334373
ATL,10,27451,5050,22401,Oct,5075.961693701926,22475.038306298073,0.18423874609640037,0.1796828700591412,0.18883804310069952
ATL,11,25209,4960,20249,Nov,4985.961693701926,20323.038306298073,0.19700350443328168,0.19212626585497708,0.20192609965060504
ATL,12,25093,6733,18360,Dec,6758.961693701926,18434.038306298073,0.2682872898702785,0.2628337394339522,0.2737756860495676
DEN,1,24350,6074,18276,Jan,6099.961693701926,18350.038306298073,0.2494871858364796,0.24408287635282028,0.25493031308413905
DEN,2,22594,5623,16971,Feb,5648.961693701926,17045.038306298073,0.2489187315458679,0.24331434728079185,0.25456503208136005
DEN,3,26419,4815,21604,Mar,4840.961693701926,21678.038306298073,0.1825469170670812,0.17792045273552212,0.18721873380013254
DEN,4,25060,6240,18820,Apr,6265.961693701926,18894.038306298073,0.2490445824205853,0.24371999803480804,0.25440695580492945
DEN,5,26624,7709,18915,May,7734.961693701926,18989.038306298073,0.2894387701579826,0.2840166410273919,0.2948907501586804
DEN,6,27840,10122,17718,Jun,10147.961693701927,17792.038306298073,0.3632055008483152,0.35757581211116807,0.3688537386872991
DEN,7,28827,10675,18152,Jul,10700.961693701927,18226.038306298073,0.3699298818993303,0.364375009794427,0.37550178950129065
DEN,8,27781,8302,19479,Aug,8327.961693701927,19553.038306298073,0.2986966641692166,0.2933381689248434,0.3040825135353584
DEN,9,26467,5454,21013,Sep,5479.961693701926,21087.038306298073,0.20626949575420359,0.20142506546303912,0.21115581361084224
DEN,10,27669,5314,22355,Oct,5339.961693701926,22429.038306298073,0.19229938757974455,0.18768518637238404,0.1969555691703413
DEN,11,24875,3795,21080,Nov,3820.961693701927,21154.038306298073,0.15299145920728435,0.1485534641565628,0.15748209368373856
DEN,12,25775,6635,19140,Dec,6660.961693701926,19214.038306298073,0.2574284712541807,0.2521191205229847,0.2627733392138397
DFW,1,23469,5087,18382,Jan,5112.961693701926,18456.038306298073,0.2169358773686591,0.2116969322451612,0.2222203236403162
DFW,2,22484,4894,17590,Feb,4919.961693701926,17664.038306298073,0.21785165133288728,0.21249192740562012,0.22325870730800856
DFW,3,26184,7016,19168,Mar,7041.961693701926,19242.038306298073,0.26791818953362984,0.26258101970237896,0.27328881192908494
DFW,4,24764,7447,17317,Apr,7472.961693701926,17391.038306298073,0.300553478672053,0.29486982469307044,0.3062675229971511
DFW,5,26243,8211,18032,May,8236.961693701927,18106.038306298073,0.3126812319668196,0.3070967027825604,0.31829270107453267
DFW,6,27302,10396,16906,Jun,10421.961693701927,16980.038306298073,0.3803358037260757,0.3745962030599461,0.38609194923795576
DFW,7,27896,9953,17943,Jul,9978.961693701927,18017.038306298073,0.35644240940498384,0.35084194059026014,0.3620623054455355
DFW,8,26297,9014,17283,Aug,9039.961693701927,17357.038306298073,0.34246170753123184,0.3367486781864233,0.3481973474771638
DFW,9,25105,5666,19439,Sep,5691.961693701926,19513.038306298073,0.2258266888991044,0.22068554858652617,0.23100904062023842
DFW,10,26813,6694,20119,Oct,6719.961693701926,20193.038306298073,0.24969203335569898,0.24453863654710584,0.25488066660707964
DFW,11,24113,6202,17911,Nov,6227.961693701926,17985.038306298073,0.25721561531829706,0.25172920605200344,0.2627400130467129
DFW,12,25515,7209,18306,Dec,7234.961693701926,18380.038306298073,0.2824501930002704,0.2769533265338999,0.2879792363740973
ORD,1,21200,4495,16705,Jan,4520.961693701926,16779.038306298073,0.21225172270901063,0.20678621018440824,0.21776841655850798
ORD,2,19696,4773,14923,Feb,4798.961693701926,14997.038306298073,0.24242077660648245,0.23647589725812274,0.24841495204723207
ORD,3,24259,5854,18405,Mar,5879.961693701926,18479.038306298073,0.24138764701760854,0.23603408955285143,0.24678142698480676
ORD,4,25755,4998,20757,Apr,5023.961693701926,20831.038306298073,0.19431296436673473,0.1895126142710062,0.19915810751745144
ORD,5,27724,5882,21842,May,5907.961693701926,21916.038306298073,0.21233329836479034,0.20754775685778434,0.21715800944386732
ORD,6,29262,9046,20216,Jun,9071.961693701927,20290.038306298073,0.30896947393576485,0.3036967339949571,0.31426686276740623
ORD,7,29576,10672,18904,Jul,10697.961693701927,18978.038306298073,0.36049203712434047,0.3550382669149731,0.3659636177570047
ORD,8,29256,7648,21608,Aug,7673.961693701926,21682.038306298073,0.2614103315745308,0.25639940206851664,0.26645205283758966
ORD,9,28678,5961,22717,Sep,5986.961693701926,22791.038306298073,0.20803953345270437,0.203369224921969,0.21274827833736598
ORD,10,30965,7848,23117,Oct,7873.961693701926,23191.038306298073,0.2534673006181209,0.24864522020303562,0.258319447528338
ORD,11,27040,7219,19821,Nov,7244.961693701926,19895.038306298073,0.2669477411091351,0.2617012806399797,0.2722267345127437
ORD,12,27007,10531,16476,Dec,10556.961693701927,16550.038306298073,0.38945518477522145,0.38365816406351005,0.3952676558158317
STL,1,4384,693,3691,Jan,718.9616937019267,3765.038306298073,0.16033936077206215,0.1497456895191955,0.17122000532756176
STL,2,4370,769,3601,Feb,794.9616937019267,3675.038306298073,0.17784377935166146,0.16677308585823367,0.18918751200243733
STL,3,5314,953,4361,Mar,978.9616937019267,4435.038306298074,0.18082040888472972,0.17068203560310344,0.19118213207724755
STL,4,5393,1047,4346,Apr,1072.9616937019268,4420.038306298074,0.19533254937227867,0.18495508052518767,0.20592014807121062
STL,5,5546,1220,4326,May,1245.9616937019268,4400.038306298074,0.22068042750654035,0.20995854537512856,0.23158973789227455
STL,6,5642,1524,4118,Jun,1549.9616937019268,4192.038306298074,0.2699341159355498,0.25852938963366584,0.2814906408219291
STL,7,5737,1625,4112,Jul,1650.9616937019268,4186.038306298074,0.282844216841173,0.27136222457164355,0.2944671578481366
STL,8,5470,1109,4361,Aug,1134.9616937019268,4435.038306298074,0.2037633202337391,0.1932877502561897,0.21444038145051592
STL,9,5287,854,4433,Sep,879.9616937019267,4507.038306298074,0.16334911707850877,0.1535973294244069,0.17333765929814926
STL,10,5584,1199,4385,Oct,1224.9616937019268,4459.038306298074,0.21551050205874855,0.20491767462732693,0.2262929503977651
STL,11,5121,1018,4103,Nov,1043.9616937019268,4177.038306298074,0.19995435619650007,0.18921599546886436,0.21091044033669804
STL,12,5304,1378,3926,Dec,1403.9616937019268,4000.038306298073,0.2598004614548347,0.24819453290956223,0.2715747871352189
