data_split,origin,predicted_delay_rate,total_flights,delayed_flights,observed_delay_rate,delay_risk_score,risk_level,calibration_gap,airport_risk_rank
Testing,DFW,0.26271871768940774,25515,7209,0.28253968253968254,26.3,High,-0.01982096485027479,1
Testing,ORD,0.24423456933672355,27007,10531,0.38993594253341723,24.4,Moderate,-0.14570137319669368,2
Testing,DEN,0.22247055409168912,25775,6635,0.2574199806013579,22.2,Moderate,-0.034949426509668785,3
Testing,ATL,0.22000584816185417,25093,6733,0.26832184274498866,22,Moderate,-0.048315994583134486,4
Validation,DFW,0.2169666739750679,50926,12896,0.2532301771197424,21.7,Moderate,-0.0362635031446745,1
Validation,ORD,0.19882175579899866,58005,15067,0.25975346952848893,19.9,Moderate,-0.06093171372949027,2
Validation,DEN,0.18735779538164585,52544,9109,0.1733594701583435,18.7,Moderate,0.013998325223302355,3
Testing,STL,0.1842991417808467,5304,1378,0.25980392156862747,18.4,Moderate,-0.07550477978778078,5
Validation,ATL,0.17137282354889039,52660,10010,0.1900873528294721,17.1,Moderate,-0.018714529280581704,4
Validation,STL,0.16015562602299244,10705,2217,0.20709948622139188,16,Moderate,-0.04694386019839944,5
