parameter,log_odds_mean,log_odds_median,log_odds_sd,log_odds_lower_95,log_odds_upper_95,odds_ratio_median,odds_ratio_lower_95,odds_ratio_upper_95,probability_positive,probability_negative,parameter_label,evidence_probability,direction,evidence_strength,percent_change_in_odds
incoming_aircraft_statusSeverely delayed,2.0481370353088493,2.0488025874660822,0.02696550972196261,1.994907270198997,2.1009665755928193,7.75860529077992,7.351521291813793,8.17406694980742,1,0,Incoming aircraft status severely delayed,1,Increases delay risk,Very strong,675.860529077992
operational_congestionHigh,1.527344688234545,1.5273514667014725,0.007637966529075092,1.5122108880457252,1.542417205928005,4.605961610545522,4.536749960910304,4.675879184726381,1,0,Operational congestion high,1,Increases delay risk,Very strong,360.5961610545522
incoming_aircraft_statusDelayed,1.1760308696195523,1.175882379931711,0.02664794384045916,1.1250617326968517,1.2290502539430335,3.2410014772837217,3.080407004885305,3.4179817807432356,1,0,Incoming aircraft status delayed,1,Increases delay risk,Very strong,224.10014772837218
weather_severitySevere,1.1545924938386876,1.1546034327662864,0.025146713046385147,1.1060189224628063,1.2023082893489192,3.172764953395097,3.022302396181209,3.327789565431287,1,0,Weather severity severe,1,Increases delay risk,Very strong,217.2764953395097
incoming_aircraft_statusUnavailable,0.5949872812729465,0.5953269712026453,0.014555434744398878,0.5660285552141642,0.623233007740344,1.8136238508004687,1.7612584029518166,1.8649476962091094,1,0,Incoming aircraft status unavailable,1,Increases delay risk,Very strong,81.36238508004688
weather_severityHigh,0.5618586992348064,0.5616552439195444,0.009948218477746278,0.542432107668959,0.5817556125485662,1.753572689920525,1.7201854550156594,1.7891767763487965,1,0,Weather severity high,1,Increases delay risk,Very strong,75.35726899205251
operational_congestionModerate,0.5390114827334211,0.5390116094379332,0.007208524637931874,0.5250116866989375,0.5531698818374823,1.714311615139875,1.6904786046786606,1.738755942335269,1,0,Operational congestion moderate,1,Increases delay risk,Very strong,71.43116151398749
incoming_aircraft_statusMinor delay,0.3431825873975349,0.34354443643675364,0.02803981446710373,0.2873452121416689,0.39715094951134194,1.4099361739297445,1.3328842619619796,1.4875804632093814,1,0,Incoming aircraft status minor delay,1,Increases delay risk,Very strong,40.99361739297444
operational_congestionUnavailable,0.2697095916418109,0.2685508080128414,0.09056115864551738,0.09246505044230276,0.45194192628527624,1.3080674356723114,1.0968748056236208,1.5713606930563557,0.999,0.001,Operational congestion unavailable,0.999,Increases delay risk,Very strong,30.806743567231145
weather_severityModerate,0.23449210396412462,0.23445518864064657,0.006720334836987552,0.2210249236801177,0.24760434682805557,1.2642198197584742,1.247354518866088,1.2809530192600516,1,0,Weather severity moderate,1,Increases delay risk,Very strong,26.42198197584742
departure_periodEvening,0.12082697530703417,0.12072365765158352,0.006400167924081622,0.10833692603104599,0.13358457404383747,1.1283130686038532,1.1144231603142303,1.1429179232462354,1,0,Departure period evening,1,Increases delay risk,Very strong,12.831306860385316
weekendWeekend,0.04315763216011718,0.043207422917127314,0.005413899004580368,0.032284252643801824,0.05366537820985029,1.0441544539532528,1.0328110428705874,1.0551314731121957,1,0,Weekend weekend,1,Increases delay risk,Very strong,4.415445395325279
distance_band500–999 miles,0.015721446990694218,0.015602679247960763,0.007831757324355504,7.077240865338233e-4,0.03114251233893183,1.0157250365915127,1.0007079745826495,1.0316325137734206,0.98125,0.01875,Distance band500–999 miles,0.98125,Increases delay risk,Strong,1.5725036591512698
