data_split,probability_bin,observed_delay_rate,predicted_delay_rate,total_flights
Validation,"[0,0.1]",0.10597023681483075,0.08060875162204671,51137
Validation,"(0.1,0.2]",0.16639646718319526,0.14192743276280584,100543
Validation,"(0.2,0.3]",0.29010750271566094,0.2395020799924051,26697
Validation,"(0.3,0.4]",0.37360963513992207,0.3564729632718298,28230
Validation,"(0.4,0.5]",0.4651355510832248,0.44131862171031877,16894
Validation,"(0.5,0.6]",0.6480446927374302,0.545156490138369,537
Validation,"(0.6,0.7]",0.7754491017964071,0.6497659166375334,334
Validation,"(0.7,0.8]",0.8435374149659864,0.7462666418529934,441
Validation,"(0.8,0.9]",0.7777777777777778,0.8058528477112167,27
Testing,"[0,0.1]",0.1548669872770439,0.07818155376991609,16427
Testing,"(0.1,0.2]",0.20315298203722798,0.1450068929186062,36854
Testing,"(0.2,0.3]",0.3457692077369902,0.2539124448583544,16699
Testing,"(0.3,0.4]",0.4051830522418758,0.34894525634906354,26741
Testing,"(0.4,0.5]",0.4647363166016157,0.4278124513314495,11017
Testing,"(0.5,0.6]",0.6291793313069909,0.5476108227584408,329
Testing,"(0.6,0.7]",0.8068535825545171,0.658702954975135,321
Testing,"(0.7,0.8]",0.8496732026143791,0.7424843329824232,306
