risk_dimension,data_split,risk_category,total_flights,delayed_flights,observed_delay_rate,predicted_delay_rate,calibration_gap
weather_severity,Testing,Unavailable,108694,32486,0.29887574291129226,0.2348944654126855,-0.06398127749860677
weather_severity,Validation,Unavailable,224840,49299,0.21926258672834015,0.19198268835246898,-0.027279898375871164
operational_congestion,Testing,High,50994,21055,0.41289171275051967,0.34981812219642244,-0.06307359055409723
operational_congestion,Testing,Low,19909,3180,0.15972675674318149,0.09190114327866039,-0.0678256134645211
operational_congestion,Testing,Moderate,36417,8089,0.2221215366449735,0.1583755158368909,-0.06374602080808259
operational_congestion,Testing,Unavailable,1374,162,0.11790393013100436,0.0697035505932803,-0.04820037953772406
operational_congestion,Validation,High,53044,21450,0.4043812683809667,0.37721854819228884,-0.02716272018867788
operational_congestion,Validation,Low,92631,11616,0.12540078375489846,0.10104604678302705,-0.02435473697187142
operational_congestion,Validation,Moderate,76717,16016,0.2087672875633823,0.17745509511692695,-0.03131219244645536
operational_congestion,Validation,Unavailable,2448,217,0.0886437908496732,0.07450493758721088,-0.014138853262462323
departure_period,Testing,Afternoon,31453,9816,0.31208469780307124,0.25544682886577086,-0.056637868937300384
departure_period,Testing,Early morning,1532,201,0.13120104438642297,0.08012799146026775,-0.051073052926155216
departure_period,Testing,Evening,26507,9723,0.36680876749537855,0.31521823577771513,-0.051590531717663424
departure_period,Testing,Late night,9724,3273,0.33658988070752777,0.2865959216242747,-0.04999395908325305
departure_period,Testing,Morning,39478,9473,0.23995643143016362,0.15785868875575954,-0.08209774267440409
departure_period,Validation,Afternoon,66031,15077,0.22833214702185337,0.19843984804643325,-0.029892298975420117
departure_period,Validation,Early morning,2591,222,0.0856812041682748,0.07642369638248861,-0.009257507785786184
departure_period,Validation,Evening,54061,15849,0.293168827805627,0.275866537943226,-0.017302289862400955
departure_period,Validation,Late night,19948,5231,0.26223180268698615,0.24459198357997383,-0.017639819107012317
departure_period,Validation,Morning,82209,12920,0.1571604082278096,0.12251031455541365,-0.03465009367239595
distance_band,Testing,"1,000–1,499 miles",16291,4845,0.29740347431096925,0.2492620125998238,-0.048141461711145445
distance_band,Testing,"1,500+ miles",10688,3110,0.2909805389221557,0.22888482366900512,-0.06209571525315058
distance_band,Testing,500–999 miles,49006,14665,0.29924907154226016,0.23869429771802111,-0.060554773824239044
distance_band,Testing,Under 500 miles,32709,9866,0.301629520926962,0.2240092276425155,-0.0776202932844465
distance_band,Validation,"1,000–1,499 miles",31707,7335,0.23133692875390294,0.20270341653383372,-0.028633512220069213
distance_band,Validation,"1,500+ miles",21133,5054,0.23915203709837696,0.18601257985799124,-0.05313945724038571
distance_band,Validation,500–999 miles,102427,22938,0.22394485828931823,0.19578263745940372,-0.028162220829914514
distance_band,Validation,Under 500 miles,69573,13972,0.20082503269946675,0.18331591801327504,-0.017509114686191707
origin,Testing,ATL,25093,6733,0.26832184274498866,0.22000584816185417,-0.048315994583134486
origin,Testing,DEN,25775,6635,0.2574199806013579,0.22247055409168912,-0.034949426509668785
origin,Testing,DFW,25515,7209,0.28253968253968254,0.26271871768940774,-0.01982096485027479
origin,Testing,ORD,27007,10531,0.38993594253341723,0.24423456933672355,-0.14570137319669368
origin,Testing,STL,5304,1378,0.25980392156862747,0.1842991417808467,-0.07550477978778078
origin,Validation,ATL,52660,10010,0.1900873528294721,0.17137282354889039,-0.018714529280581704
origin,Validation,DEN,52544,9109,0.1733594701583435,0.18735779538164585,0.013998325223302355
origin,Validation,DFW,50926,12896,0.2532301771197424,0.2169666739750679,-0.0362635031446745
origin,Validation,ORD,58005,15067,0.25975346952848893,0.19882175579899866,-0.06093171372949027
origin,Validation,STL,10705,2217,0.20709948622139188,0.16015562602299244,-0.04694386019839944
