parameter,mean,sd,lower_95,median,upper_95,rhat,ess_bulk,ess_tail
(Intercept),-3.863808113400537,0.08601511444597269,-4.036559907234122,-3.860581654106589,-3.6958783865309837,1.013370193129779,150.38110561485587,326.2164677203418
originATL,0.3672938112773477,0.015081057737090203,0.33777831053862356,0.3673600960553072,0.395221319799243,1.002386195451836,466.8540460737484,553.7783308365448
originDEN,0.3336971062896533,0.014148689188416653,0.30588309342328945,0.3334375008364717,0.36102707473593165,0.9993719642622483,475.63661917460195,648.8601158319933
originDFW,0.2346259075666432,0.01564226661214932,0.20518530097228913,0.23477484189446884,0.26529975600235756,0.9997129949025187,486.68266301268307,537.1539582448532
originORD,0.29267419537826284,0.014920523607986605,0.2642050566407202,0.29242010380717914,0.32205459035838896,0.9991198113851721,447.3354535024876,572.9142403561259
reporting_airlineAA,0.44136685851352586,0.011649127029095362,0.4167636465465642,0.44205949780108994,0.4634388983463394,0.9995283523193113,623.1234054113105,856.3188386575981
reporting_airlineAS,0.383066522875122,0.02983604211979974,0.3220759932374613,0.38336402470171604,0.43960661345195373,1.0032685739366707,1237.8349071911937,726.2870931429649
reporting_airlineB6,0.2611742609277469,0.04091784236643989,0.18483532303205188,0.26099649785606704,0.34178145316579067,1.000628142730018,1516.6996354128635,750.3644923717235
reporting_airlineF9,0.4034275947425731,0.014884695674789254,0.37294619714134236,0.40372233538203245,0.4311865897028311,1.0040947202152235,898.7454249053064,686.4367383973432
reporting_airlineG4,0.469565837632331,0.11248379449713028,0.25293860349264735,0.47157693011488067,0.6896343983057126,1.0034725252768562,1190.6923788715444,623.5872020868687
reporting_airlineMQ,-0.15526679045167127,0.013425081251427516,-0.1823814841382814,-0.15507898935708903,-0.13031670707977225,0.9998123895745828,556.472229872102,743.2727035837286
reporting_airlineNK,0.11097610567133692,0.019708673351572663,0.07221653578504089,0.11050424919810944,0.15111689686534732,1.005675552318943,891.357469871447,537.3715853004392
reporting_airlineOH,0.32607059786549525,0.021081927753640258,0.28562604325680324,0.3258096119357612,0.3670132110272221,1.004745575741438,1326.8054502738876,897.5394209316923
reporting_airlineOO,0.13647389298623788,0.012060230448185088,0.11275233893229422,0.13614564063638496,0.1604484344147338,1.0014464095120397,519.8530420517542,658.2686088446175
reporting_airlineUA,0.025063832799502563,0.011711767747395475,1.4704982308316695e-4,0.025702072265288246,0.04730159954263831,1.0015732625006661,484.00092619962544,579.1683910668162
reporting_airlineWN,0.29503964460905224,0.01155536773547666,0.2708303205784164,0.29555218587710674,0.31654511390221396,0.9993603314679946,714.2582428886897,851.6216172916528
reporting_airlineYX,-0.29570110161955,0.021356622772132662,-0.33556947037815843,-0.2967489046101482,-0.2543374374656984,0.9999254300195294,1200.1244615302255,794.134969021479
departure_periodAfternoon,0.880484369707424,0.0830442149138086,0.725151452775448,0.8816893767704896,1.0458966129720424,1.0143333276364694,133.27201732962442,295.46859977532085
departure_periodEvening,1.0012052698674176,0.08296269146244625,0.848072693412273,1.0017428097722658,1.1651248863359507,1.013850569941989,136.1858159463194,302.6972496177382
departure_periodLate night,0.861324750637604,0.08301824895445173,0.7055885219901418,0.8615514592365288,1.0289325014303685,1.013499695724919,138.36832033446026,295.5696032823631
departure_periodMorning,0.6472990212232935,0.08322237098838581,0.494993770626624,0.648720870416857,0.8163619473708056,1.0140350470001525,135.35878995936162,291.0673492914133
weather_severityModerate,0.23448900357609,0.006853976959733953,0.22133265533406632,0.2347326762090819,0.24756268621400376,1.0002448193782358,1381.616060126891,715.6111352627937
weather_severityHigh,0.5622096153625569,0.00998243032961272,0.5422195960813723,0.5621175247171759,0.5815166752131083,0.9998605869979112,1526.5022526630905,664.1653513452815
weather_severitySevere,1.1552673258561181,0.025149194744259026,1.1068263912531053,1.1555725280386602,1.2044043339338897,1.0047650534240138,1611.1637121938938,547.3525741457092
weather_severityUnavailable,-0.08919885444761118,0.010118112896779918,-0.10964471717989548,-0.0894263377705721,-0.06950111156494994,1.003676849503708,1025.3777665546575,595.6737693156094
operational_congestionModerate,0.5390760958929102,0.006855642723169887,0.5250347813657581,0.5391539470311422,0.5518514407927012,1.0068811846987054,1159.0685171717512,785.8848720220482
operational_congestionHigh,1.5273996171362276,0.007226965267880667,1.512684066915411,1.527510966098887,1.5417293607707423,1.003261699364246,1012.7731213117378,774.2738983555698
operational_congestionUnavailable,0.264246566129648,0.0894681971154561,0.09865534563974501,0.2647648983821865,0.4400712453310122,1.0124537926167705,147.17927827369508,302.7614086278737
incoming_aircraft_statusMinor delay,0.34321545873863113,0.027708825733504548,0.28696818681237435,0.3424720972280279,0.39941120835756905,1.0016462815007205,903.3461275239932,646.4691797944805
incoming_aircraft_statusDelayed,1.1775000382433691,0.026160816540267355,1.1277498619749056,1.177075151246362,1.2306023568567468,1.0011407048893974,725.1540172008126,777.2649061254832
incoming_aircraft_statusSeverely delayed,2.0489428109173615,0.025849830487112927,2.0001552127175044,2.049778528995833,2.0997518139127274,0.9989114763810373,809.2921947088312,836.7798697601768
incoming_aircraft_statusUnavailable,0.5956114331599732,0.014076644667941826,0.5661864721968772,0.595478547064072,0.6233747299092969,1.0000436728977977,520.9525701779377,603.6116236324513
weekendWeekend,0.04316309580444518,0.005307517441740824,0.032689471700108934,0.04313445133567427,0.05337956859610711,0.9995001570113643,2208.0401831213367,768.781993809836
"distance_band1,000–1,499 miles",0.057050536029365675,0.008595447460499507,0.04062920989672352,0.05721576287763815,0.07448705951978295,1.0013306636362405,1199.1917766068161,815.4917687833656
"distance_band1,500+ miles",0.03269923380825518,0.010211212547086115,0.012533084944690702,0.032391516072808976,0.05214353813406168,0.9996310419449618,1069.5296638831028,793.1782129067506
distance_band500–999 miles,0.07292872768896948,0.006226346960860894,0.06088386509476277,0.07283642185977622,0.08517318897082432,1.0008058317350403,1010.1695324252115,644.4323312230144
month_sin,-0.05078636753207692,0.0046083758114701,-0.059521077338232885,-0.05087376640315784,-0.041765857557249486,1.0010074603114567,1142.4864416659948,614.1604738344549
month_cos,-0.16677837967400844,0.004738608686371021,-0.17706476745076652,-0.16675623469009965,-0.15782425409636444,1.003635321061811,1056.1048623841493,786.9217684732989
