variable,mean,sd,median,rhat,ess_bulk,ess_tail
(Intercept),-2.1162244694436887,0.0203215661120712,-2.1161744948203838,1.0016287857283208,3355.130818190034,2726.5353613010543
originDEN,-0.03362850703749861,0.010284589042677915,-0.033752453385081246,1.0006415650693166,3224.826226415954,2736.282885488983
originDFW,-0.1331344799224536,0.01137308698505486,-0.13316134546176578,1.0018024512627903,2636.909069389312,2767.16474873867
originORD,-0.07499323789956651,0.010713039604746552,-0.07493840330840024,1.001473160132013,2922.083367111265,2586.504973831103
originSTL,-0.36830433008445607,0.015152911827637148,-0.36794516579046105,1.0008205930765592,4406.093426955606,2893.015806718925
reporting_airlineAS,-0.05812318149755213,0.027704392010708085,-0.05802539619343429,1.0002217172488257,5822.170825583032,2870.5575210364977
reporting_airlineB6,-0.18206456747777863,0.03949111760934832,-0.1809579145231981,1.0017439110286337,5926.540338378269,2969.0331912013644
reporting_airlineDL,-0.44187578531491534,0.011662078538077925,-0.4418101528228918,1.0005943370732462,2514.4565755901076,3101.237087598756
reporting_airlineF9,-0.038563702143867805,0.01429652461648894,-0.0387121172353496,1.0002936023939786,3691.1690717034535,3103.576190116589
reporting_airlineG4,0.031039299397244244,0.1142773923052536,0.030612415946629626,1.0000839201768452,6369.709241918067,2699.0878009497983
reporting_airlineMQ,-0.5967444605422576,0.01087649989982522,-0.5969185950783,1.0007482976678839,4878.044389427661,3356.7003682617733
reporting_airlineNK,-0.3299125311854486,0.020394494469783125,-0.3295558846878086,1.0011535200675228,5206.965603323385,3067.34057566823
reporting_airlineOH,-0.11465860897356168,0.0199721855581369,-0.1142627967540004,1.002284762074276,6606.9870296786985,2771.329845247347
reporting_airlineOO,-0.30501456917442804,0.010227382584978977,-0.3047464055481619,1.0000246857389827,3618.13733339295,3405.3729071876473
reporting_airlineUA,-0.4166512023472005,0.009922352274092876,-0.4165514901842421,1.0008421374198984,3682.839935804252,3018.986977090036
reporting_airlineWN,-0.14656838407759362,0.011505553010436285,-0.14663953151407494,0.9999001771373405,3138.3632456510372,2633.981794072667
reporting_airlineYX,-0.7368725057391524,0.01952522025306213,-0.7369591317834782,1.0005751841365869,5445.138220264815,3234.007352355279
departure_periodEarly morning,-0.8835314592673569,0.08563869497244667,-0.8817320798389624,1.0040153477362745,2626.487955142835,2672.7159965103165
departure_periodEvening,0.12082697530703417,0.006400167924081622,0.12072365765158352,1.0012459922163488,6434.2773723445325,3649.286835812647
departure_periodLate night,-0.019402350790905885,0.008895323531992062,-0.019478913283626605,0.9996228534834991,6093.157529226246,3384.932231248503
departure_periodMorning,-0.2329254733507961,0.0069933073183481515,-0.23280389209439084,1.0011920270422714,5418.223482079961,3321.1599788493936
weather_severityModerate,0.23449210396412462,0.006720334836987552,0.23445518864064657,1.0009196357673567,6968.443163080227,3007.856590746821
weather_severityHigh,0.5618586992348064,0.009948218477746278,0.5616552439195444,1.0004741154272037,6664.39799908275,3153.319764810745
weather_severitySevere,1.1545924938386876,0.025146713046385147,1.1546034327662864,1.0008241551552688,7113.704417581212,2843.6407847342853
weather_severityUnavailable,-0.08949637775449798,0.01034442936188398,-0.08975607050217382,1.0010344753331575,5371.568553746029,3042.6937381453745
operational_congestionModerate,0.5390114827334211,0.007208524637931874,0.5390116094379332,1.0008327607987062,4766.393893648393,3052.882165437242
operational_congestionHigh,1.527344688234545,0.007637966529075092,1.5273514667014725,1.0006119526918784,4848.2041420891965,3442.558076916516
operational_congestionUnavailable,0.2697095916418109,0.09056115864551738,0.2685508080128414,1.0052409635914332,2568.795572551862,2431.3529048046553
incoming_aircraft_statusMinor delay,0.3431825873975349,0.02803981446710373,0.34354443643675364,1.00061181776114,3882.4672622689154,3251.64193783412
incoming_aircraft_statusDelayed,1.1760308696195523,0.02664794384045916,1.175882379931711,0.999748656913768,4122.858491091472,3040.1525392452636
incoming_aircraft_statusSeverely delayed,2.0481370353088493,0.02696550972196261,2.0488025874660822,1.0032368184489815,4151.480190628732,2915.6152431811124
incoming_aircraft_statusUnavailable,0.5949872812729465,0.014555434744398878,0.5953269712026453,0.9998587699776476,3163.7513774786903,3047.9248514339483
weekendWeekend,0.04315763216011718,0.005413899004580368,0.043207422917127314,1.0001737799611188,7032.754604873119,2724.204279745378
"distance_band1,500+ miles",-0.02450249356167229,0.010521391816780327,-0.02449493888829568,1.002310422754579,4352.239852134468,3152.582857719224
distance_band500–999 miles,0.015721446990694218,0.007831757324355504,0.015602679247960763,1.0008181216925218,3918.818820089573,3187.7799842113222
distance_bandUnder 500 miles,-0.05728757122749513,0.008756415959118396,-0.05732141005715134,1.000759093861928,3470.519125847782,3111.1534607207786
month_sin,-0.05091102389488883,0.004704311890775306,-0.050936910203000695,1.0007225245658098,4655.694556010991,3311.495032031547
month_cos,-0.16657321994969718,0.005009190052852538,-0.16652480756447643,1.0003344882005236,5493.333543777256,3299.9983229044783
