reporting_airline,total_flights,delayed_flights,on_time_flights,observed_delay_rate,posterior_alpha,posterior_beta,posterior_probability,credible_lower,credible_upper,airline_name,airline_label
G4,962,304,658,0.316008316008316,328.41776874160774,733.5822312583922,0.3092446033348472,0.2818079424798723,0.3373617765280982,Allegiant Air,Allegiant Air (G4)
F9,92666,27472,65194,0.29646256447888114,27496.41776874161,65269.58223125839,0.2964062023666172,0.2934716637614401,0.29934905584867844,Frontier Airlines,Frontier Airlines (F9)
AS,19782,5825,13957,0.294459609746234,5849.417768741608,14032.582231258391,0.29420670801436516,0.28789249099084047,0.3005601399502117,Alaska Airlines,Alaska Airlines (AS)
B6,9614,2809,6805,0.2921780736426045,2833.4177687416077,6880.582231258392,0.29168393748626803,0.28268632242178987,0.3007627990546059,JetBlue Airways,JetBlue Airways (B6)
AA,442248,128390,313858,0.2903122230060961,128414.41776874161,313933.5822312584,0.29030179353979585,0.2889650892719872,0.2916402938258671,American Airlines,American Airlines (AA)
OH,45963,13249,32714,0.2882535952831625,13273.417768741609,32789.58223125839,0.28815790914055983,0.2840307054196301,0.2923025365499883,PSA Airlines,PSA Airlines (OH)
OO,346387,90645,255742,0.261687072551799,90669.41776874161,255817.5822312584,0.26168201914860184,0.26021975624100924,0.26314688790933705,SkyWest Airlines,SkyWest Airlines (OO)
WN,300762,74939,225823,0.24916379063844502,74963.41776874161,225898.5822312584,0.2491621333659339,0.24761818309613848,0.25070924231702363,Southwest Airlines,Southwest Airlines (WN)
NK,39983,9625,30358,0.24072730910637022,9649.417768741609,30433.58223125839,0.24073591719037019,0.23656287792096561,0.24493346185607157,Spirit Airlines,Spirit Airlines (NK)
UA,413219,94249,318970,0.22808486541035142,94273.41776874161,319045.5822312584,0.22808875897004882,0.22681080023971237,0.22936921012384281,United Airlines,United Airlines (UA)
MQ,223225,49445,173780,0.22150296785754284,49469.41776874161,173855.5822312584,0.22151312109589885,0.2197932058787691,0.22323776072064527,Envoy Air,Envoy Air (MQ)
YX,65968,13553,52415,0.20544809604656802,13577.417768741609,52490.58223125839,0.20550671684842298,0.20243406803297737,0.208596253099958,Republic Airways,Republic Airways (YX)
DL,525365,106323,419042,0.20237929820220227,106347.41776874161,419117.5822312584,0.202387252754687,0.20130199241096292,0.2034746588910744,Delta Air Lines,Delta Air Lines (DL)
