flight_date,daily_flights,daily_delays,cumulative_flights,cumulative_delays,cumulative_on_time,posterior_alpha,posterior_beta,posterior_probability,credible_lower,credible_upper
2025-01-01,6023,968,6023,968,5055,970,5063,0.16078236366650092,0.1516213147252145,0.17015642837427358
2025-01-02,6846,1228,12869,2196,10673,2198,10681,0.17066542433418744,0.1642168819726124,0.17721084573688994
2025-01-03,6733,1730,19602,3926,15676,3928,15684,0.2002855394656333,0.19471356895940153,0.20591540798261743
2025-01-04,6344,2158,25946,6084,19862,6086,19870,0.2344737247649869,0.22933912998504527,0.2396470764360107
2025-01-05,6006,2680,31952,8764,23188,8766,23196,0.27426318753519807,0.26938561234874325,0.27916752039460124
2025-01-06,5915,2739,37867,11503,26364,11505,26372,0.30374633682709823,0.2991249821512369,0.30838732159669524
2025-01-07,5614,1616,43481,13119,30362,13121,30370,0.30169460348118,0.2973895689554255,0.3060169128970066
2025-01-08,5753,902,49234,14021,35213,14023,35221,0.2847656567297539,0.2807879808045414,0.28875989181452033
2025-01-09,4764,1398,53998,15419,38579,15421,38587,0.2855317730706562,0.28173011649124374,0.2893484743981517
2025-01-10,4481,2246,58479,17665,40814,17667,40822,0.30205679700456495,0.29834220862686534,0.30578420710967
2025-01-11,5045,1822,63524,19487,44037,19489,44045,0.30674914219158245,0.30316918221077604,0.3103406259638576
2025-01-12,6398,1949,69922,21436,48486,21438,48494,0.3065549390836813,0.3031430175499867,0.30997734063106863
2025-01-13,6309,790,76231,22226,54005,22228,54013,0.29154916645899187,0.2883283774154778,0.29478031396135285
2025-01-14,5692,645,81923,22871,59052,22873,59060,0.2791671243577069,0.27610063559278236,0.28224382451386143
2025-01-15,5791,423,87714,23294,64420,23296,64428,0.26556016597510373,0.26264279621939357,0.26848766068277974
2025-01-16,6540,709,94254,24003,70251,24005,70259,0.2546571331579394,0.2518808947247401,0.25744323228610544
2025-01-17,6471,822,100725,24825,75900,24827,75908,0.24645852980592645,0.2438020835156013,0.24912451170757277
2025-01-18,5337,947,106062,25772,80290,25774,80298,0.24298589637227544,0.24040949342344722,0.24557147918239197
2025-01-19,5893,1243,111955,27015,84940,27017,84948,0.24129862010449693,0.23879679223395195,0.24380920177028176
2025-01-20,6497,1981,118452,28996,89456,28998,89464,0.24478735797133258,0.24234302634498767,0.24723985171944884
2025-01-21,5337,1324,123789,30320,93469,30322,93477,0.24492928052730636,0.24253765816109352,0.24732870880145208
2025-01-22,5383,1478,129172,31798,97374,31800,97382,0.24616432629932963,0.243818982653242,0.248517114361144
2025-01-23,6436,1114,135608,32912,102696,32914,102704,0.2426963972334056,0.24041831814982742,0.24498166432398094
2025-01-24,6492,794,142100,33706,108394,33708,108402,0.23719653789318135,0.23498850666243,0.23941157538619118
2025-01-25,5423,1202,147523,34908,112615,34910,112623,0.23662502626531012,0.2344597038046451,0.23879711212923516
2025-01-26,6632,867,154155,35775,118380,35777,118388,0.23206953588687446,0.2299655453320601,0.23418011084237156
2025-01-27,6416,554,160571,36329,124242,36331,124250,0.22624718989170575,0.22420401511853316,0.22829682335363977
2025-01-28,5783,433,166354,36762,129592,36764,129600,0.22098530932172825,0.2189947364597065,0.22298223618993684
2025-01-29,5792,661,172146,37423,134723,37425,134731,0.21739004159018566,0.21544475490728957,0.2193415476260967
2025-01-30,6319,1152,178465,38575,139890,38577,139898,0.21614791987673343,0.2142412999107976,0.21806056536365992
2025-01-31,6421,925,184886,39500,145386,39502,145394,0.2136444271374178,0.21177909999336827,0.2155156218481643
