source_month,total_flights,delayed_flights,on_time_flights,observed_delay_rate,month_name,posterior_alpha,posterior_beta,posterior_probability,credible_lower,credible_upper
1,184886,39500,145386,0.21364516512878207,Jan,39524.41775125349,145461.5822487465,0.21366167034939665,0.21179674123420766,0.21553246382342672
2,176506,38089,138417,0.21579436393097118,Feb,38113.41775125349,138492.5822487465,0.2158104353830192,0.2138948592835524,0.21773210801062237
3,208646,43207,165439,0.20708281011857405,Mar,43231.41775125349,165514.5822487465,0.20710058037640716,0.20536488980231332,0.20884158689283927
4,204220,47035,157185,0.2303153461952796,Apr,47059.41775125349,157260.5822487465,0.2303221307324466,0.2284989992820812,0.23215026269402372
5,217713,56709,161004,0.26047594769260446,May,56733.41775125349,161079.5822487465,0.2604684649274997,0.25862739891800746,0.2623136973176883
6,224738,72326,152412,0.32182363463232744,Jun,72350.41775125348,152487.5822487465,0.3217891003800669,0.3198596127940481,0.3237215908924632
7,230618,74333,156285,0.3223208942927265,Jul,74357.41775125348,156360.5822487465,0.32228702464156883,0.32038148578396347,0.32419548171759893
8,222404,57933,164471,0.26048542292404814,Aug,57957.41775125349,164546.5822487465,0.2604780936578825,0.2586564945112598,0.26230377118242876
9,214169,38779,175390,0.18106728798285465,Sep,38803.41775125349,175465.5822487465,0.1810967417183703,0.17946899609418418,0.18273012604836036
10,227899,47548,180351,0.20863628186170188,Oct,47572.41775125349,180426.5822487465,0.20865187018913894,0.20698637221452695,0.2103222094328775
11,204908,43068,161840,0.21018213051711013,Nov,43092.41775125349,161915.5822487465,0.2101987129831689,0.20843765003541023,0.21196513154680396
12,209437,58301,151136,0.27837010652368016,Dec,58325.41775125349,151211.5822487465,0.27835378835839725,0.2764367840000146,0.2802748002734292
