month,file_name,status,file_size_mb
1,bts_flights_2025_01.zip,Already downloaded,25.85
2,bts_flights_2025_02.zip,Downloaded successfully,24.13
3,bts_flights_2025_03.zip,Downloaded successfully,29.13
4,bts_flights_2025_04.zip,Downloaded successfully,28.01
5,bts_flights_2025_05.zip,Downloaded successfully,29.4
6,bts_flights_2025_06.zip,Downloaded successfully,29.69
7,bts_flights_2025_07.zip,Downloaded successfully,30.72
8,bts_flights_2025_08.zip,Downloaded successfully,29.43
9,bts_flights_2025_09.zip,Downloaded successfully,26.85
10,bts_flights_2025_10.zip,Downloaded successfully,29.3
11,bts_flights_2025_11.zip,Downloaded successfully,27.51
12,bts_flights_2025_12.zip,Downloaded successfully,28.93
