month,national_rows,selected_rows,status
1,539747,184886,Processed successfully
2,504884,176506,Processed successfully
3,600872,208646,Processed successfully
4,583950,204220,Processed successfully
5,605648,217713,Processed successfully
6,611575,224738,Processed successfully
7,631428,230618,Processed successfully
8,602378,222404,Processed successfully
9,562439,214169,Processed successfully
10,605844,227899,Processed successfully
11,570550,204908,Processed successfully
12,582304,209437,Processed successfully
