data_split,airport_code,predicted_delay_rate,average_risk_score,total_flights,delayed_flights,high_risk_flights,severe_risk_flights,observed_delay_rate,calibration_gap,high_risk_share,severe_risk_share,airport_risk_rank
Testing,DFW,0.26271871768940774,26.273568489124045,25515,7209,13153,6080,0.28253968253968254,-0.01982096485027479,0.5155006858710562,0.23829120125416423,1
Testing,ORD,0.24423456933672355,24.425526715296034,27007,10531,14381,2200,0.38993594253341723,-0.14570137319669368,0.5324915762580071,0.0814603621283371,2
Testing,DEN,0.22247055409168912,22.246032977691563,25775,6635,9214,2200,0.2574199806013579,-0.034949426509668785,0.3574781765276431,0.08535402521823472,3
Testing,ATL,0.22000584816185417,21.9969154744351,25093,6733,9862,1373,0.26832184274498866,-0.048315994583134486,0.3930179731399195,0.05471645478818794,4
Testing,STL,0.1842991417808467,18.42794117647059,5304,1378,1860,120,0.25980392156862747,-0.07550477978778078,0.3506787330316742,0.02262443438914027,5
Validation,DFW,0.2169666739750679,21.696051133016535,50926,12896,14889,7890,0.2532301771197424,-0.0362635031446745,0.29236539292306485,0.1549306837371873,1
Validation,ORD,0.19882175579899866,19.87987587276959,58005,15067,17206,3806,0.25975346952848893,-0.06093171372949027,0.29662960089647444,0.06561503318679424,2
Validation,DEN,0.18735779538164585,18.736276263702802,52544,9109,9845,4685,0.1733594701583435,0.013998325223302355,0.18736677831912302,0.08916336784409257,3
Validation,ATL,0.17137282354889039,17.138429548044055,52660,10010,9647,1640,0.1900873528294721,-0.018714529280581704,0.18319407519939232,0.03114318268135207,4
Validation,STL,0.16015562602299244,16.014535263895375,10705,2217,2522,212,0.20709948622139188,-0.04694386019839944,0.2355908453993461,0.019803829985987856,5
